{
  "Bangla-books" : {
    "transaction" : "Bangla-books",
    "sampleCount" : 10,
    "errorCount" : 4,
    "errorPct" : 40.0,
    "meanResTime" : 10008.9,
    "medianResTime" : 9501.5,
    "minResTime" : 4135.0,
    "maxResTime" : 17177.0,
    "pct1ResTime" : 17040.100000000002,
    "pct2ResTime" : 17177.0,
    "pct3ResTime" : 17177.0,
    "throughput" : 0.5031446540880503,
    "receivedKBytesPerSec" : 527.8170695754717,
    "sentKBytesPerSec" : 0.0756682389937107
  },
  "Children-books" : {
    "transaction" : "Children-books",
    "sampleCount" : 10,
    "errorCount" : 4,
    "errorPct" : 40.0,
    "meanResTime" : 10017.0,
    "medianResTime" : 8145.0,
    "minResTime" : 6714.0,
    "maxResTime" : 16041.0,
    "pct1ResTime" : 15889.300000000001,
    "pct2ResTime" : 16041.0,
    "pct3ResTime" : 16041.0,
    "throughput" : 0.4179903026249791,
    "receivedKBytesPerSec" : 436.08246589460373,
    "sentKBytesPerSec" : 0.06367821016552416
  },
  "Total" : {
    "transaction" : "Total",
    "sampleCount" : 40,
    "errorCount" : 22,
    "errorPct" : 55.0,
    "meanResTime" : 11250.3,
    "medianResTime" : 10999.0,
    "minResTime" : 4135.0,
    "maxResTime" : 18233.0,
    "pct1ResTime" : 17126.2,
    "pct2ResTime" : 17962.8,
    "pct3ResTime" : 18233.0,
    "throughput" : 0.8316008316008316,
    "receivedKBytesPerSec" : 793.9847201468295,
    "sentKBytesPerSec" : 0.11998928014553015
  },
  "Home" : {
    "transaction" : "Home",
    "sampleCount" : 10,
    "errorCount" : 10,
    "errorPct" : 100.0,
    "meanResTime" : 15849.4,
    "medianResTime" : 15833.0,
    "minResTime" : 13167.0,
    "maxResTime" : 18233.0,
    "pct1ResTime" : 18208.3,
    "pct2ResTime" : 18233.0,
    "pct3ResTime" : 18233.0,
    "throughput" : 0.5459707359685521,
    "receivedKBytesPerSec" : 372.4782443457906,
    "sentKBytesPerSec" : 0.06611364380869186
  },
  "Essential-book" : {
    "transaction" : "Essential-book",
    "sampleCount" : 10,
    "errorCount" : 4,
    "errorPct" : 40.0,
    "meanResTime" : 9125.9,
    "medianResTime" : 9407.0,
    "minResTime" : 6206.0,
    "maxResTime" : 12305.0,
    "pct1ResTime" : 12176.1,
    "pct2ResTime" : 12305.0,
    "pct3ResTime" : 12305.0,
    "throughput" : 0.6567713122290818,
    "receivedKBytesPerSec" : 686.0076411237357,
    "sentKBytesPerSec" : 0.10069638283199789
  }
}